﻿pos_x,pos_y,rotation,side,designator,mpn,pack,footprint,value,mount_type
141.8,-126.075,-90.0,top,C1,,,C_0402_1005Metric_Pad0.74x0.62mm_HandSolder,100n,smt
125.15,-88.975,90.0,top,C2,,,C_0603_1608Metric,10u,smt
127.05,-89.2,90.0,top,C3,,,C_0402_1005Metric_Pad0.74x0.62mm_HandSolder,100n,smt
152.7,-117.95,-90.0,top,C4,,,C_0603_1608Metric,1u,smt
127.975,-134.15,-90.0,top,C5,,,C_0805_2012Metric,22u,smt
125.675,-134.15,-90.0,top,C6,,,C_0805_2012Metric,22u,smt
153.395,-107.1,0.0,top,C7,,,C_0603_1608Metric,1u,smt
146.325,-112.375,-90.0,top,C8,,,C_0402_1005Metric_Pad0.74x0.62mm_HandSolder,100n,smt
131.25,-131.55,90.0,top,D1,,,D_SOD-123,1N5817,smt
155.5,-117.6275,90.0,top,D2,,,D_SOD-923,ESD3.3,smt
116.0375,-125.6,0.0,top,D3,,,LED_0603_1608Metric,GREEN,smt
155.7,-124.4,90.0,top,D4,,,D_SOD-923,ESD3.3,smt
148.95,-123.2,0.0,top,D5,,,LED_Cree-PLCC4_3.2x2.8mm_CCW,CLV1L-FKB,smt
154.4,-109.2,90.0,top,D6,,,D_SOD-923,ESD3.3,smt
133.6,-126.75,90.0,top,F1,,,Fuse_1206_3216Metric,Polyfuse 1A,smt
131.225,-126.45,-90.0,top,FB1,,,L_0805_2012Metric,BLM21PG220,smt
138.0,-134.9,0.0,top,J1,,,USB_C_Receptacle_HRO_TYPE-C-31-M-12,USB_C_Receptacle_USB2.0,smt
120.125,-109.995,0.0,top,J2,,,PinHeader_2x05_P2.54mm_Vertical,Pin_2x5,tht
152.86,-98.6,90.0,top,J3,,,PinHeader_2x03_P2.54mm_Vertical,Conn_02x03_Odd_Even,tht
116.3,-101.4,-90.0,top,J4,,,JST_SH_SM04B-SRSS-TB_1x04-1MP_P1.00mm_Horizontal,Conn_01x04,smt
125.05,-96.0,0.0,top,R1,,,R_0402_1005Metric,10K,smt
122.49,-100.825,-90.0,top,R10,,,R_0402_1005Metric,2K2,smt
124.25,-100.825,-90.0,top,R11,,,R_0402_1005Metric,2K2,smt
152.7,-115.35,-90.0,top,R2,,,R_0402_1005Metric,10K,smt
146.69,-127.975,0.0,top,R3,,,R_0402_1005Metric,5.1K,smt
146.7,-129.475,0.0,top,R4,,,R_0402_1005Metric,5.1K,smt
118.7375,-125.1,-90.0,top,R5,,,R_0402_1005Metric,1K,smt
145.3,-123.9,180.0,top,R6,,,R_0402_1005Metric,1K,smt
152.3,-123.9,0.0,top,R7,,,R_0402_1005Metric,1K,smt
150.39,-107.1,0.0,top,R8,,,R_0402_1005Metric,10K,smt
152.29,-122.5,0.0,top,R9,,,R_0402_1005Metric,1K,smt
159.0,-117.2,180.0,top,SW1,,,SW_SPST_B3U-1000P,RESET,smt
159.1,-123.95,180.0,top,SW2,,,SW_SPST_B3U-1000P,BOOT,smt
160.1375,-105.125,-90.0,top,SW3,,,SW_Tactile_SPST_Angled_PTS645Vx31-2LFS,USER_SW,tht
138.0,-125.5,90.0,top,U1,,,SOT-23-6,USBLC6-2SC6,smt
137.9,-93.8,0.0,top,U2,,,ESP32-S3-WROOM-1,ESP32-S3-WROOM-1-N16,smt
125.675,-127.575,90.0,top,U3,,,SOT-223-3_TabPin2,LM1117-3.3,smt
143.275,-111.825,0.0,top,U4,,,DFN-6-1EP_3x3mm_P1mm_EP1.5x2.4mm,Si7021-A20,smt
