﻿Designator,Quantity,Value,Footprint,Package,MPN,DNP,Mount_Type,Description,Sim.Pin
"C1, C3, C8",3,100n,C_0402_1005Metric_Pad0.74x0.62mm_HandSolder,,,,smt,"Unpolarized capacitor, small symbol",
C2,1,10u,C_0603_1608Metric,,,,smt,"Unpolarized capacitor, small symbol",
"C4, C7",2,1u,C_0603_1608Metric,,,,smt,"Unpolarized capacitor, small symbol",
"C5, C6",2,22u,C_0805_2012Metric,,,,smt,"Unpolarized capacitor, small symbol",
D1,1,1N5817,D_SOD-123,,,,smt,"20V 1A Schottky Barrier Rectifier Diode, DO-41",
"D2, D4, D6",3,ESD3.3,D_SOD-923,,,,smt,"ESD protection diode, 3.3Vrwm, SOD-923",
D3,1,GREEN,LED_0603_1608Metric,,,,smt,"Light emitting diode, small symbol",1=K 2=A
D5,1,CLV1L-FKB,LED_Cree-PLCC4_3.2x2.8mm_CCW,,,,smt,Cree PLCC4 3 in 1 SMD LED,
F1,1,Polyfuse 1A,Fuse_1206_3216Metric,,,,smt,"Resettable fuse, polymeric positive temperature coefficient",
FB1,1,BLM21PG220,L_0805_2012Metric,,,,smt,"Ferrite bead, small symbol",
"H1, H2, H3, H4",4,MountingHole,MountingHole_3.2mm_M3,,,,tht,Mounting Hole without connection,
J1,1,USB_C_Receptacle_USB2.0,USB_C_Receptacle_HRO_TYPE-C-31-M-12,,,,smt,USB 2.0-only Type-C Receptacle connector,
J2,1,Pin_2x5,PinHeader_2x05_P2.54mm_Vertical,,,,tht,"Generic connector, double row, 02x05, odd/even pin numbering scheme (row 1 odd numbers, row 2 even numbers), script generated (kicad-library-utils/schlib/autogen/connector/)",
J3,1,Conn_02x03_Odd_Even,PinHeader_2x03_P2.54mm_Vertical,,,,tht,"Generic connector, double row, 02x03, odd/even pin numbering scheme (row 1 odd numbers, row 2 even numbers), script generated (kicad-library-utils/schlib/autogen/connector/)",
J4,1,Conn_01x04,JST_SH_SM04B-SRSS-TB_1x04-1MP_P1.00mm_Horizontal,,,,smt,"Generic connector, single row, 01x04, script generated (kicad-library-utils/schlib/autogen/connector/)",
"R1, R2, R8",3,10K,R_0402_1005Metric,,,,smt,"Resistor, small symbol",
"R10, R11",2,2K2,R_0402_1005Metric,,,,smt,"Resistor, small symbol",
"R3, R4",2,5.1K,R_0402_1005Metric,,,,smt,"Resistor, small symbol",
"R5, R6, R7, R9",4,1K,R_0402_1005Metric,,,,smt,"Resistor, small symbol",
SW1,1,RESET,SW_SPST_B3U-1000P,,,,smt,Single Pole Single Throw (SPST) switch,
SW2,1,BOOT,SW_SPST_B3U-1000P,,,,smt,Single Pole Single Throw (SPST) switch,
SW3,1,USER_SW,SW_Tactile_SPST_Angled_PTS645Vx31-2LFS,,,,tht,Single Pole Single Throw (SPST) switch,
U1,1,USBLC6-2SC6,SOT-23-6,,,,smt,"Very low capacitance ESD protection diode, 2 data-line, SOT-23-6",
U2,1,ESP32-S3-WROOM-1-N16,ESP32-S3-WROOM-1,,,,smt,,
U3,1,LM1117-3.3,SOT-223-3_TabPin2,,,,smt,,
U4,1,Si7021-A20,DFN-6-1EP_3x3mm_P1mm_EP1.5x2.4mm,,,,smt,"I2C Humidity and Temperature Sensor, DFN-6",
